Sample	gene ID	mutation count	gene midpoint	contig id
MED4-Alteromonas_nophagecontrol_A	2606839934	1	20529	Ga0065304_11
MED4-Alteromonas_nophagecontrol_A	2606839966	1	56586	Ga0065304_11
MED4-Alteromonas_nophagecontrol_A	intergenic-152140:152425	3	152282	Ga0065304_11
MED4-Alteromonas_nophagecontrol_A	2606840168	1	215579	Ga0065304_11
MED4-Alteromonas_nophagecontrol_A	intergenic-233953:234058	1	234005	Ga0065304_11
MED4-Alteromonas_nophagecontrol_A	intergenic-354896:354950	1	354923	Ga0065304_11
MED4-Alteromonas_nophagecontrol_A	2606840429	1	421603	Ga0065304_11
MED4-Alteromonas_nophagecontrol_A	2606840491	2	456100	Ga0065304_11
MED4-Alteromonas_nophagecontrol_A	2606840503	1	467132	Ga0065304_11
MED4-Alteromonas_nophagecontrol_A	2606840552	1	522771	Ga0065304_11
MED4-Alteromonas_nophagecontrol_A	2606840619	1	577744	Ga0065304_11
MED4-Alteromonas_nophagecontrol_A	2606840680	1	630498	Ga0065304_11
MED4-Alteromonas_nophagecontrol_A	2606840727	1	679259	Ga0065304_11
MED4-Alteromonas_nophagecontrol_A	2606840817	1	763124	Ga0065304_11
MED4-Alteromonas_nophagecontrol_A	2606840950	1	844968	Ga0065304_11
MED4-Alteromonas_nophagecontrol_A	2606840970	2	859996	Ga0065304_11
MED4-Alteromonas_nophagecontrol_A	intergenic-879940:880057	1	879998	Ga0065304_11
MED4-Alteromonas_nophagecontrol_A	2606841019	1	913996	Ga0065304_11
MED4-Alteromonas_nophagecontrol_A	intergenic-944382:944427	1	944404	Ga0065304_11
MED4-Alteromonas_nophagecontrol_A	intergenic-986423:986556	1	986489	Ga0065304_11
MED4-Alteromonas_nophagecontrol_A	2606841254	1	1145966	Ga0065304_11
MED4-Alteromonas_nophagecontrol_A	2606841400	1	1278688	Ga0065304_11
MED4-Alteromonas_nophagecontrol_A	2606841436	1	1310404	Ga0065304_11
MED4-Alteromonas_nophagecontrol_A	2606841459	3	1334458	Ga0065304_11
MED4-Alteromonas_nophagecontrol_A	2606841559	1	1426074	Ga0065304_11
MED4-Alteromonas_nophagecontrol_A	intergenic-1494882:1494982	1	1494932	Ga0065304_11
MED4-Alteromonas_nophagecontrol_A	2606841693	1	1515666	Ga0065304_11
MED4-Alteromonas_nophagecontrol_A	2606841737	1	1557798	Ga0065304_11
MED4-Alteromonas_nophagecontrol_A	2606841767	1	1580193	Ga0065304_11
MED4-Alteromonas_nophagecontrol_A	2606841782	1	1592978	Ga0065304_11
MED4-Alteromonas_nophagecontrol_B	2606839934	1	20529	Ga0065304_11
MED4-Alteromonas_nophagecontrol_B	2606839966	1	56586	Ga0065304_11
MED4-Alteromonas_nophagecontrol_B	intergenic-152140:152425	3	152282	Ga0065304_11
MED4-Alteromonas_nophagecontrol_B	2606840168	1	215579	Ga0065304_11
MED4-Alteromonas_nophagecontrol_B	intergenic-233953:234058	1	234005	Ga0065304_11
MED4-Alteromonas_nophagecontrol_B	intergenic-354896:354950	1	354923	Ga0065304_11
MED4-Alteromonas_nophagecontrol_B	2606840429	1	421603	Ga0065304_11
MED4-Alteromonas_nophagecontrol_B	2606840491	2	456100	Ga0065304_11
MED4-Alteromonas_nophagecontrol_B	2606840503	1	467132	Ga0065304_11
MED4-Alteromonas_nophagecontrol_B	2606840552	1	522771	Ga0065304_11
MED4-Alteromonas_nophagecontrol_B	2606840619	1	577744	Ga0065304_11
MED4-Alteromonas_nophagecontrol_B	2606840680	1	630498	Ga0065304_11
MED4-Alteromonas_nophagecontrol_B	2606840727	1	679259	Ga0065304_11
MED4-Alteromonas_nophagecontrol_B	2606840817	1	763124	Ga0065304_11
MED4-Alteromonas_nophagecontrol_B	2606840950	1	844968	Ga0065304_11
MED4-Alteromonas_nophagecontrol_B	2606840970	2	859996	Ga0065304_11
MED4-Alteromonas_nophagecontrol_B	intergenic-879940:880057	1	879998	Ga0065304_11
MED4-Alteromonas_nophagecontrol_B	2606841019	1	913996	Ga0065304_11
MED4-Alteromonas_nophagecontrol_B	intergenic-944382:944427	1	944404	Ga0065304_11
MED4-Alteromonas_nophagecontrol_B	intergenic-986423:986556	1	986489	Ga0065304_11
MED4-Alteromonas_nophagecontrol_B	2606841254	1	1145966	Ga0065304_11
MED4-Alteromonas_nophagecontrol_B	2606841400	1	1278688	Ga0065304_11
MED4-Alteromonas_nophagecontrol_B	2606841436	1	1310404	Ga0065304_11
MED4-Alteromonas_nophagecontrol_B	2606841459	3	1334458	Ga0065304_11
MED4-Alteromonas_nophagecontrol_B	intergenic-1340686:1341151	1	1340918	Ga0065304_11
MED4-Alteromonas_nophagecontrol_B	2606841559	1	1426074	Ga0065304_11
MED4-Alteromonas_nophagecontrol_B	intergenic-1494882:1494982	1	1494932	Ga0065304_11
MED4-Alteromonas_nophagecontrol_B	2606841693	1	1515666	Ga0065304_11
MED4-Alteromonas_nophagecontrol_B	2606841737	1	1557798	Ga0065304_11
MED4-Alteromonas_nophagecontrol_B	2606841767	1	1580193	Ga0065304_11
MED4-Alteromonas_nophagecontrol_B	2606841782	1	1592978	Ga0065304_11
MED4-Alteromonas_nophagecontrol_C	2606839934	1	20529	Ga0065304_11
MED4-Alteromonas_nophagecontrol_C	2606839966	1	56586	Ga0065304_11
MED4-Alteromonas_nophagecontrol_C	2606840168	1	215579	Ga0065304_11
MED4-Alteromonas_nophagecontrol_C	intergenic-233953:234058	1	234005	Ga0065304_11
MED4-Alteromonas_nophagecontrol_C	intergenic-354896:354950	1	354923	Ga0065304_11
MED4-Alteromonas_nophagecontrol_C	2606840429	1	421603	Ga0065304_11
MED4-Alteromonas_nophagecontrol_C	2606840491	2	456100	Ga0065304_11
MED4-Alteromonas_nophagecontrol_C	2606840503	1	467132	Ga0065304_11
MED4-Alteromonas_nophagecontrol_C	2606840619	1	577744	Ga0065304_11
MED4-Alteromonas_nophagecontrol_C	2606840680	1	630498	Ga0065304_11
MED4-Alteromonas_nophagecontrol_C	2606840727	1	679259	Ga0065304_11
MED4-Alteromonas_nophagecontrol_C	2606840817	1	763124	Ga0065304_11
MED4-Alteromonas_nophagecontrol_C	2606840950	1	844968	Ga0065304_11
MED4-Alteromonas_nophagecontrol_C	2606840970	2	859996	Ga0065304_11
MED4-Alteromonas_nophagecontrol_C	intergenic-879940:880057	1	879998	Ga0065304_11
MED4-Alteromonas_nophagecontrol_C	2606841019	1	913996	Ga0065304_11
MED4-Alteromonas_nophagecontrol_C	intergenic-986423:986556	1	986489	Ga0065304_11
MED4-Alteromonas_nophagecontrol_C	2606841254	1	1145966	Ga0065304_11
MED4-Alteromonas_nophagecontrol_C	2606841400	1	1278688	Ga0065304_11
MED4-Alteromonas_nophagecontrol_C	2606841436	1	1310404	Ga0065304_11
MED4-Alteromonas_nophagecontrol_C	2606841459	3	1334458	Ga0065304_11
MED4-Alteromonas_nophagecontrol_C	2606841559	1	1426074	Ga0065304_11
MED4-Alteromonas_nophagecontrol_C	intergenic-1494882:1494982	1	1494932	Ga0065304_11
MED4-Alteromonas_nophagecontrol_C	2606841693	1	1515666	Ga0065304_11
MED4-Alteromonas_nophagecontrol_C	2606841767	1	1580193	Ga0065304_11
MED4-Alteromonas_1stinfection_A	2606839926	1	10352	Ga0065304_11
MED4-Alteromonas_1stinfection_A	2606839934	1	20529	Ga0065304_11
MED4-Alteromonas_1stinfection_A	2606839966	1	56586	Ga0065304_11
MED4-Alteromonas_1stinfection_A	2606839977	1	65600	Ga0065304_11
MED4-Alteromonas_1stinfection_A	intergenic-152140:152425	2	152282	Ga0065304_11
MED4-Alteromonas_1stinfection_A	2606840168	1	215579	Ga0065304_11
MED4-Alteromonas_1stinfection_A	intergenic-233953:234058	1	234005	Ga0065304_11
MED4-Alteromonas_1stinfection_A	intergenic-354896:354950	1	354923	Ga0065304_11
MED4-Alteromonas_1stinfection_A	2606840429	1	421603	Ga0065304_11
MED4-Alteromonas_1stinfection_A	2606840491	2	456100	Ga0065304_11
MED4-Alteromonas_1stinfection_A	2606840503	1	467132	Ga0065304_11
MED4-Alteromonas_1stinfection_A	2606840527	1	491356	Ga0065304_11
MED4-Alteromonas_1stinfection_A	2606840552	1	522771	Ga0065304_11
MED4-Alteromonas_1stinfection_A	2606840619	1	577744	Ga0065304_11
MED4-Alteromonas_1stinfection_A	2606840680	1	630498	Ga0065304_11
MED4-Alteromonas_1stinfection_A	2606840727	1	679259	Ga0065304_11
MED4-Alteromonas_1stinfection_A	2606840817	1	763124	Ga0065304_11
MED4-Alteromonas_1stinfection_A	2606840950	1	844968	Ga0065304_11
MED4-Alteromonas_1stinfection_A	2606840962	1	854948	Ga0065304_11
MED4-Alteromonas_1stinfection_A	2606840970	2	859996	Ga0065304_11
MED4-Alteromonas_1stinfection_A	intergenic-879940:880057	1	879998	Ga0065304_11
MED4-Alteromonas_1stinfection_A	2606841019	1	913996	Ga0065304_11
MED4-Alteromonas_1stinfection_A	intergenic-986423:986556	1	986489	Ga0065304_11
MED4-Alteromonas_1stinfection_A	2606841254	1	1145966	Ga0065304_11
MED4-Alteromonas_1stinfection_A	2606841400	1	1278688	Ga0065304_11
MED4-Alteromonas_1stinfection_A	2606841436	1	1310404	Ga0065304_11
MED4-Alteromonas_1stinfection_A	2606841459	3	1334458	Ga0065304_11
MED4-Alteromonas_1stinfection_A	2606841559	1	1426074	Ga0065304_11
MED4-Alteromonas_1stinfection_A	intergenic-1494882:1494982	1	1494932	Ga0065304_11
MED4-Alteromonas_1stinfection_A	2606841693	1	1515666	Ga0065304_11
MED4-Alteromonas_1stinfection_A	2606841737	1	1557798	Ga0065304_11
MED4-Alteromonas_1stinfection_A	2606841767	1	1580193	Ga0065304_11
MED4-Alteromonas_1stinfection_A	2606841782	1	1592978	Ga0065304_11
MED4-Alteromonas_1stinfection_B	2606839926	1	10352	Ga0065304_11
MED4-Alteromonas_1stinfection_B	2606839934	1	20529	Ga0065304_11
MED4-Alteromonas_1stinfection_B	2606839966	1	56586	Ga0065304_11
MED4-Alteromonas_1stinfection_B	2606839977	1	65600	Ga0065304_11
MED4-Alteromonas_1stinfection_B	2606840168	1	215579	Ga0065304_11
MED4-Alteromonas_1stinfection_B	intergenic-233953:234058	1	234005	Ga0065304_11
MED4-Alteromonas_1stinfection_B	intergenic-354896:354950	1	354923	Ga0065304_11
MED4-Alteromonas_1stinfection_B	2606840429	1	421603	Ga0065304_11
MED4-Alteromonas_1stinfection_B	2606840491	2	456100	Ga0065304_11
MED4-Alteromonas_1stinfection_B	2606840503	1	467132	Ga0065304_11
MED4-Alteromonas_1stinfection_B	2606840619	1	577744	Ga0065304_11
MED4-Alteromonas_1stinfection_B	2606840680	1	630498	Ga0065304_11
MED4-Alteromonas_1stinfection_B	2606840727	1	679259	Ga0065304_11
MED4-Alteromonas_1stinfection_B	2606840817	1	763124	Ga0065304_11
MED4-Alteromonas_1stinfection_B	2606840950	1	844968	Ga0065304_11
MED4-Alteromonas_1stinfection_B	2606840962	1	854948	Ga0065304_11
MED4-Alteromonas_1stinfection_B	2606840970	2	859996	Ga0065304_11
MED4-Alteromonas_1stinfection_B	intergenic-879940:880057	1	879998	Ga0065304_11
MED4-Alteromonas_1stinfection_B	2606841019	1	913996	Ga0065304_11
MED4-Alteromonas_1stinfection_B	intergenic-944382:944427	2	944404	Ga0065304_11
MED4-Alteromonas_1stinfection_B	intergenic-986423:986556	1	986489	Ga0065304_11
MED4-Alteromonas_1stinfection_B	2606841232	1	1117050	Ga0065304_11
MED4-Alteromonas_1stinfection_B	2606841254	1	1145966	Ga0065304_11
MED4-Alteromonas_1stinfection_B	2606841400	1	1278688	Ga0065304_11
MED4-Alteromonas_1stinfection_B	2606841436	1	1310404	Ga0065304_11
MED4-Alteromonas_1stinfection_B	2606841459	3	1334458	Ga0065304_11
MED4-Alteromonas_1stinfection_B	2606841559	1	1426074	Ga0065304_11
MED4-Alteromonas_1stinfection_B	intergenic-1494882:1494982	1	1494932	Ga0065304_11
MED4-Alteromonas_1stinfection_B	2606841693	1	1515666	Ga0065304_11
MED4-Alteromonas_1stinfection_B	2606841767	1	1580193	Ga0065304_11
MED4-Alteromonas_1stinfection_C	2606839926	1	10352	Ga0065304_11
MED4-Alteromonas_1stinfection_C	2606839934	1	20529	Ga0065304_11
MED4-Alteromonas_1stinfection_C	2606839966	1	56586	Ga0065304_11
MED4-Alteromonas_1stinfection_C	2606839977	1	65600	Ga0065304_11
MED4-Alteromonas_1stinfection_C	intergenic-152140:152425	3	152282	Ga0065304_11
MED4-Alteromonas_1stinfection_C	2606840168	1	215579	Ga0065304_11
MED4-Alteromonas_1stinfection_C	intergenic-233953:234058	1	234005	Ga0065304_11
MED4-Alteromonas_1stinfection_C	intergenic-354896:354950	1	354923	Ga0065304_11
MED4-Alteromonas_1stinfection_C	2606840429	1	421603	Ga0065304_11
MED4-Alteromonas_1stinfection_C	2606840491	2	456100	Ga0065304_11
MED4-Alteromonas_1stinfection_C	2606840503	1	467132	Ga0065304_11
MED4-Alteromonas_1stinfection_C	2606840527	2	491356	Ga0065304_11
MED4-Alteromonas_1stinfection_C	2606840552	1	522771	Ga0065304_11
MED4-Alteromonas_1stinfection_C	2606840619	1	577744	Ga0065304_11
MED4-Alteromonas_1stinfection_C	2606840680	1	630498	Ga0065304_11
MED4-Alteromonas_1stinfection_C	2606840727	1	679259	Ga0065304_11
MED4-Alteromonas_1stinfection_C	2606840817	1	763124	Ga0065304_11
MED4-Alteromonas_1stinfection_C	2606840950	1	844968	Ga0065304_11
MED4-Alteromonas_1stinfection_C	2606840962	1	854948	Ga0065304_11
MED4-Alteromonas_1stinfection_C	2606840970	2	859996	Ga0065304_11
MED4-Alteromonas_1stinfection_C	intergenic-879940:880057	1	879998	Ga0065304_11
MED4-Alteromonas_1stinfection_C	2606841019	1	913996	Ga0065304_11
MED4-Alteromonas_1stinfection_C	intergenic-944382:944427	1	944404	Ga0065304_11
MED4-Alteromonas_1stinfection_C	intergenic-986423:986556	1	986489	Ga0065304_11
MED4-Alteromonas_1stinfection_C	2606841254	1	1145966	Ga0065304_11
MED4-Alteromonas_1stinfection_C	2606841400	1	1278688	Ga0065304_11
MED4-Alteromonas_1stinfection_C	2606841436	1	1310404	Ga0065304_11
MED4-Alteromonas_1stinfection_C	2606841459	3	1334458	Ga0065304_11
MED4-Alteromonas_1stinfection_C	2606841559	1	1426074	Ga0065304_11
MED4-Alteromonas_1stinfection_C	intergenic-1494882:1494982	1	1494932	Ga0065304_11
MED4-Alteromonas_1stinfection_C	2606841693	1	1515666	Ga0065304_11
MED4-Alteromonas_1stinfection_C	2606841737	1	1557798	Ga0065304_11
MED4-Alteromonas_1stinfection_C	2606841767	1	1580193	Ga0065304_11
MED4-Alteromonas_1stinfection_C	2606841782	1	1592978	Ga0065304_11
MED4-Alteromonas_2ndinfection_A	2606839934	1	20529	Ga0065304_11
MED4-Alteromonas_2ndinfection_A	2606839966	1	56586	Ga0065304_11
MED4-Alteromonas_2ndinfection_A	intergenic-152140:152425	2	152282	Ga0065304_11
MED4-Alteromonas_2ndinfection_A	2606840168	1	215579	Ga0065304_11
MED4-Alteromonas_2ndinfection_A	intergenic-233953:234058	1	234005	Ga0065304_11
MED4-Alteromonas_2ndinfection_A	intergenic-354896:354950	1	354923	Ga0065304_11
MED4-Alteromonas_2ndinfection_A	2606840429	1	421603	Ga0065304_11
MED4-Alteromonas_2ndinfection_A	2606840491	2	456100	Ga0065304_11
MED4-Alteromonas_2ndinfection_A	2606840503	1	467132	Ga0065304_11
MED4-Alteromonas_2ndinfection_A	2606840527	2	491356	Ga0065304_11
MED4-Alteromonas_2ndinfection_A	2606840552	1	522771	Ga0065304_11
MED4-Alteromonas_2ndinfection_A	2606840619	1	577744	Ga0065304_11
MED4-Alteromonas_2ndinfection_A	2606840680	1	630498	Ga0065304_11
MED4-Alteromonas_2ndinfection_A	2606840727	1	679259	Ga0065304_11
MED4-Alteromonas_2ndinfection_A	2606840817	1	763124	Ga0065304_11
MED4-Alteromonas_2ndinfection_A	2606840950	1	844968	Ga0065304_11
MED4-Alteromonas_2ndinfection_A	2606840970	2	859996	Ga0065304_11
MED4-Alteromonas_2ndinfection_A	intergenic-879940:880057	1	879998	Ga0065304_11
MED4-Alteromonas_2ndinfection_A	2606841019	1	913996	Ga0065304_11
MED4-Alteromonas_2ndinfection_A	intergenic-944382:944427	1	944404	Ga0065304_11
MED4-Alteromonas_2ndinfection_A	intergenic-986423:986556	1	986489	Ga0065304_11
MED4-Alteromonas_2ndinfection_A	2606841254	1	1145966	Ga0065304_11
MED4-Alteromonas_2ndinfection_A	2606841400	1	1278688	Ga0065304_11
MED4-Alteromonas_2ndinfection_A	2606841436	1	1310404	Ga0065304_11
MED4-Alteromonas_2ndinfection_A	2606841459	3	1334458	Ga0065304_11
MED4-Alteromonas_2ndinfection_A	2606841559	1	1426074	Ga0065304_11
MED4-Alteromonas_2ndinfection_A	intergenic-1494882:1494982	1	1494932	Ga0065304_11
MED4-Alteromonas_2ndinfection_A	2606841693	1	1515666	Ga0065304_11
MED4-Alteromonas_2ndinfection_A	2606841737	1	1557798	Ga0065304_11
MED4-Alteromonas_2ndinfection_A	2606841767	1	1580193	Ga0065304_11
MED4-Alteromonas_2ndinfection_A	2606841782	1	1592978	Ga0065304_11
MED4-Alteromonas_2ndinfection_B	2606839934	1	20529	Ga0065304_11
MED4-Alteromonas_2ndinfection_B	2606839966	1	56586	Ga0065304_11
MED4-Alteromonas_2ndinfection_B	intergenic-152140:152425	2	152282	Ga0065304_11
MED4-Alteromonas_2ndinfection_B	2606840168	1	215579	Ga0065304_11
MED4-Alteromonas_2ndinfection_B	intergenic-233953:234058	1	234005	Ga0065304_11
MED4-Alteromonas_2ndinfection_B	intergenic-354896:354950	1	354923	Ga0065304_11
MED4-Alteromonas_2ndinfection_B	2606840429	1	421603	Ga0065304_11
MED4-Alteromonas_2ndinfection_B	2606840491	2	456100	Ga0065304_11
MED4-Alteromonas_2ndinfection_B	2606840503	1	467132	Ga0065304_11
MED4-Alteromonas_2ndinfection_B	2606840527	2	491356	Ga0065304_11
MED4-Alteromonas_2ndinfection_B	2606840552	1	522771	Ga0065304_11
MED4-Alteromonas_2ndinfection_B	2606840619	1	577744	Ga0065304_11
MED4-Alteromonas_2ndinfection_B	2606840680	1	630498	Ga0065304_11
MED4-Alteromonas_2ndinfection_B	2606840727	1	679259	Ga0065304_11
MED4-Alteromonas_2ndinfection_B	2606840817	1	763124	Ga0065304_11
MED4-Alteromonas_2ndinfection_B	2606840950	1	844968	Ga0065304_11
MED4-Alteromonas_2ndinfection_B	2606840970	2	859996	Ga0065304_11
MED4-Alteromonas_2ndinfection_B	intergenic-879940:880057	1	879998	Ga0065304_11
MED4-Alteromonas_2ndinfection_B	2606841019	1	913996	Ga0065304_11
MED4-Alteromonas_2ndinfection_B	intergenic-944382:944427	1	944404	Ga0065304_11
MED4-Alteromonas_2ndinfection_B	intergenic-986423:986556	1	986489	Ga0065304_11
MED4-Alteromonas_2ndinfection_B	2606841254	1	1145966	Ga0065304_11
MED4-Alteromonas_2ndinfection_B	2606841400	1	1278688	Ga0065304_11
MED4-Alteromonas_2ndinfection_B	2606841436	1	1310404	Ga0065304_11
MED4-Alteromonas_2ndinfection_B	2606841459	3	1334458	Ga0065304_11
MED4-Alteromonas_2ndinfection_B	2606841559	1	1426074	Ga0065304_11
MED4-Alteromonas_2ndinfection_B	intergenic-1494882:1494982	1	1494932	Ga0065304_11
MED4-Alteromonas_2ndinfection_B	2606841693	1	1515666	Ga0065304_11
MED4-Alteromonas_2ndinfection_B	2606841737	1	1557798	Ga0065304_11
MED4-Alteromonas_2ndinfection_B	2606841767	1	1580193	Ga0065304_11
MED4-Alteromonas_2ndinfection_B	2606841782	1	1592978	Ga0065304_11
MED4-Alteromonas_2ndinfection_C	2606839934	1	20529	Ga0065304_11
MED4-Alteromonas_2ndinfection_C	2606839966	1	56586	Ga0065304_11
MED4-Alteromonas_2ndinfection_C	intergenic-152140:152425	2	152282	Ga0065304_11
MED4-Alteromonas_2ndinfection_C	2606840168	1	215579	Ga0065304_11
MED4-Alteromonas_2ndinfection_C	intergenic-233953:234058	1	234005	Ga0065304_11
MED4-Alteromonas_2ndinfection_C	intergenic-354896:354950	1	354923	Ga0065304_11
MED4-Alteromonas_2ndinfection_C	2606840429	1	421603	Ga0065304_11
MED4-Alteromonas_2ndinfection_C	2606840491	2	456100	Ga0065304_11
MED4-Alteromonas_2ndinfection_C	2606840503	1	467132	Ga0065304_11
MED4-Alteromonas_2ndinfection_C	2606840527	2	491356	Ga0065304_11
MED4-Alteromonas_2ndinfection_C	2606840552	1	522771	Ga0065304_11
MED4-Alteromonas_2ndinfection_C	2606840619	1	577744	Ga0065304_11
MED4-Alteromonas_2ndinfection_C	2606840680	1	630498	Ga0065304_11
MED4-Alteromonas_2ndinfection_C	2606840727	1	679259	Ga0065304_11
MED4-Alteromonas_2ndinfection_C	2606840817	1	763124	Ga0065304_11
MED4-Alteromonas_2ndinfection_C	2606840950	1	844968	Ga0065304_11
MED4-Alteromonas_2ndinfection_C	2606840970	2	859996	Ga0065304_11
MED4-Alteromonas_2ndinfection_C	intergenic-879940:880057	1	879998	Ga0065304_11
MED4-Alteromonas_2ndinfection_C	2606841019	1	913996	Ga0065304_11
MED4-Alteromonas_2ndinfection_C	intergenic-944382:944427	1	944404	Ga0065304_11
MED4-Alteromonas_2ndinfection_C	intergenic-986423:986556	1	986489	Ga0065304_11
MED4-Alteromonas_2ndinfection_C	2606841254	1	1145966	Ga0065304_11
MED4-Alteromonas_2ndinfection_C	2606841400	1	1278688	Ga0065304_11
MED4-Alteromonas_2ndinfection_C	2606841436	1	1310404	Ga0065304_11
MED4-Alteromonas_2ndinfection_C	2606841459	3	1334458	Ga0065304_11
MED4-Alteromonas_2ndinfection_C	2606841559	1	1426074	Ga0065304_11
MED4-Alteromonas_2ndinfection_C	intergenic-1494882:1494982	1	1494932	Ga0065304_11
MED4-Alteromonas_2ndinfection_C	2606841693	1	1515666	Ga0065304_11
MED4-Alteromonas_2ndinfection_C	2606841737	1	1557798	Ga0065304_11
MED4-Alteromonas_2ndinfection_C	2606841767	1	1580193	Ga0065304_11
MED4-Alteromonas_2ndinfection_C	2606841782	1	1592978	Ga0065304_11
MED4Xe_nophagecontrol_A	2606839922	1	8396	Ga0065304_11
MED4Xe_nophagecontrol_A	intergenic-62173:62270	1	62221	Ga0065304_11
MED4Xe_nophagecontrol_A	2606839977	1	65600	Ga0065304_11
MED4Xe_nophagecontrol_A	intergenic-132298:132887	1	132592	Ga0065304_11
MED4Xe_nophagecontrol_A	intergenic-152140:152425	2	152282	Ga0065304_11
MED4Xe_nophagecontrol_A	2606840203	1	239965	Ga0065304_11
MED4Xe_nophagecontrol_A	2606840242	1	275003	Ga0065304_11
MED4Xe_nophagecontrol_A	intergenic-349533:349746	1	349639	Ga0065304_11
MED4Xe_nophagecontrol_A	2606840332	2	350457	Ga0065304_11
MED4Xe_nophagecontrol_A	2606840351	1	365091	Ga0065304_11
MED4Xe_nophagecontrol_A	intergenic-404920:405407	1	405163	Ga0065304_11
MED4Xe_nophagecontrol_A	intergenic-417445:417549	1	417497	Ga0065304_11
MED4Xe_nophagecontrol_A	2606840425	1	418489	Ga0065304_11
MED4Xe_nophagecontrol_A	2606840429	1	421603	Ga0065304_11
MED4Xe_nophagecontrol_A	2606840436	1	426343	Ga0065304_11
MED4Xe_nophagecontrol_A	2606840492	2	456876	Ga0065304_11
MED4Xe_nophagecontrol_A	2606840530	1	495067	Ga0065304_11
MED4Xe_nophagecontrol_A	2606840552	1	522771	Ga0065304_11
MED4Xe_nophagecontrol_A	2606840565	3	534009	Ga0065304_11
MED4Xe_nophagecontrol_A	2606840607	1	568138	Ga0065304_11
MED4Xe_nophagecontrol_A	2606840613	1	572373	Ga0065304_11
MED4Xe_nophagecontrol_A	2606840644	1	593648	Ga0065304_11
MED4Xe_nophagecontrol_A	2606840656	1	604133	Ga0065304_11
MED4Xe_nophagecontrol_A	2606840671	1	619962	Ga0065304_11
MED4Xe_nophagecontrol_A	2606840675	1	624938	Ga0065304_11
MED4Xe_nophagecontrol_A	2606840734	1	687232	Ga0065304_11
MED4Xe_nophagecontrol_A	2606840764	1	714788	Ga0065304_11
MED4Xe_nophagecontrol_A	intergenic-716042:716095	2	716068	Ga0065304_11
MED4Xe_nophagecontrol_A	2606840781	1	731139	Ga0065304_11
MED4Xe_nophagecontrol_A	2606840817	1	763124	Ga0065304_11
MED4Xe_nophagecontrol_A	2606840871	1	796416	Ga0065304_11
MED4Xe_nophagecontrol_A	2606840877	1	800131	Ga0065304_11
MED4Xe_nophagecontrol_A	2606840890	1	810309	Ga0065304_11
MED4Xe_nophagecontrol_A	2606840906	1	816388	Ga0065304_11
MED4Xe_nophagecontrol_A	2606840997	1	887409	Ga0065304_11
MED4Xe_nophagecontrol_A	2606840998	1	890046	Ga0065304_11
MED4Xe_nophagecontrol_A	2606841025	1	921584	Ga0065304_11
MED4Xe_nophagecontrol_A	2606841049	1	944624	Ga0065304_11
MED4Xe_nophagecontrol_A	2606841100	1	984605	Ga0065304_11
MED4Xe_nophagecontrol_A	2606841153	1	1032590	Ga0065304_11
MED4Xe_nophagecontrol_A	2606841232	2	1117050	Ga0065304_11
MED4Xe_nophagecontrol_A	2606841247	1	1138824	Ga0065304_11
MED4Xe_nophagecontrol_A	2606841250	5	1142720	Ga0065304_11
MED4Xe_nophagecontrol_A	2606841290	1	1181917	Ga0065304_11
MED4Xe_nophagecontrol_A	2606841377	1	1257735	Ga0065304_11
MED4Xe_nophagecontrol_A	2606841608	1	1461149	Ga0065304_11
MED4Xe_nophagecontrol_A	2606841611	1	1462496	Ga0065304_11
MED4Xe_nophagecontrol_A	intergenic-1472192:1473195	1	1472693	Ga0065304_11
MED4Xe_nophagecontrol_A	intergenic-1497291:1497362	1	1497326	Ga0065304_11
MED4Xe_nophagecontrol_A	2606841714	1	1535465	Ga0065304_11
MED4Xe_nophagecontrol_A	2606841811	2	1620182	Ga0065304_11
MED4Xe_nophagecontrol_B	2606839922	1	8396	Ga0065304_11
MED4Xe_nophagecontrol_B	intergenic-62173:62270	1	62221	Ga0065304_11
MED4Xe_nophagecontrol_B	2606839977	1	65600	Ga0065304_11
MED4Xe_nophagecontrol_B	intergenic-132298:132887	1	132592	Ga0065304_11
MED4Xe_nophagecontrol_B	intergenic-152140:152425	3	152282	Ga0065304_11
MED4Xe_nophagecontrol_B	2606840203	1	239965	Ga0065304_11
MED4Xe_nophagecontrol_B	2606840242	1	275003	Ga0065304_11
MED4Xe_nophagecontrol_B	intergenic-349533:349746	1	349639	Ga0065304_11
MED4Xe_nophagecontrol_B	2606840332	2	350457	Ga0065304_11
MED4Xe_nophagecontrol_B	2606840351	1	365091	Ga0065304_11
MED4Xe_nophagecontrol_B	intergenic-404920:405407	1	405163	Ga0065304_11
MED4Xe_nophagecontrol_B	intergenic-417445:417549	1	417497	Ga0065304_11
MED4Xe_nophagecontrol_B	2606840425	1	418489	Ga0065304_11
MED4Xe_nophagecontrol_B	2606840429	1	421603	Ga0065304_11
MED4Xe_nophagecontrol_B	2606840436	1	426343	Ga0065304_11
MED4Xe_nophagecontrol_B	2606840492	2	456876	Ga0065304_11
MED4Xe_nophagecontrol_B	2606840530	1	495067	Ga0065304_11
MED4Xe_nophagecontrol_B	2606840552	1	522771	Ga0065304_11
MED4Xe_nophagecontrol_B	2606840565	3	534009	Ga0065304_11
MED4Xe_nophagecontrol_B	2606840607	1	568138	Ga0065304_11
MED4Xe_nophagecontrol_B	2606840613	1	572373	Ga0065304_11
MED4Xe_nophagecontrol_B	2606840644	1	593648	Ga0065304_11
MED4Xe_nophagecontrol_B	2606840656	1	604133	Ga0065304_11
MED4Xe_nophagecontrol_B	2606840671	1	619962	Ga0065304_11
MED4Xe_nophagecontrol_B	2606840675	1	624938	Ga0065304_11
MED4Xe_nophagecontrol_B	2606840734	1	687232	Ga0065304_11
MED4Xe_nophagecontrol_B	2606840764	1	714788	Ga0065304_11
MED4Xe_nophagecontrol_B	intergenic-716042:716095	3	716068	Ga0065304_11
MED4Xe_nophagecontrol_B	2606840781	1	731139	Ga0065304_11
MED4Xe_nophagecontrol_B	2606840817	1	763124	Ga0065304_11
MED4Xe_nophagecontrol_B	2606840871	1	796416	Ga0065304_11
MED4Xe_nophagecontrol_B	2606840877	1	800131	Ga0065304_11
MED4Xe_nophagecontrol_B	2606840890	1	810309	Ga0065304_11
MED4Xe_nophagecontrol_B	2606840906	3	816388	Ga0065304_11
MED4Xe_nophagecontrol_B	2606840997	1	887409	Ga0065304_11
MED4Xe_nophagecontrol_B	2606840998	1	890046	Ga0065304_11
MED4Xe_nophagecontrol_B	2606841025	1	921584	Ga0065304_11
MED4Xe_nophagecontrol_B	2606841049	1	944624	Ga0065304_11
MED4Xe_nophagecontrol_B	2606841100	1	984605	Ga0065304_11
MED4Xe_nophagecontrol_B	2606841153	1	1032590	Ga0065304_11
MED4Xe_nophagecontrol_B	2606841232	2	1117050	Ga0065304_11
MED4Xe_nophagecontrol_B	2606841247	1	1138824	Ga0065304_11
MED4Xe_nophagecontrol_B	2606841250	3	1142720	Ga0065304_11
MED4Xe_nophagecontrol_B	2606841290	1	1181917	Ga0065304_11
MED4Xe_nophagecontrol_B	2606841377	1	1257735	Ga0065304_11
MED4Xe_nophagecontrol_B	2606841608	1	1461149	Ga0065304_11
MED4Xe_nophagecontrol_B	2606841611	1	1462496	Ga0065304_11
MED4Xe_nophagecontrol_B	intergenic-1472192:1473195	1	1472693	Ga0065304_11
MED4Xe_nophagecontrol_B	intergenic-1497291:1497362	1	1497326	Ga0065304_11
MED4Xe_nophagecontrol_B	2606841714	2	1535465	Ga0065304_11
MED4Xe_nophagecontrol_B	2606841811	2	1620182	Ga0065304_11
MED4Xe_nophagecontrol_C	2606839922	1	8396	Ga0065304_11
MED4Xe_nophagecontrol_C	intergenic-62173:62270	1	62221	Ga0065304_11
MED4Xe_nophagecontrol_C	2606839977	1	65600	Ga0065304_11
MED4Xe_nophagecontrol_C	intergenic-132298:132887	1	132592	Ga0065304_11
MED4Xe_nophagecontrol_C	intergenic-152140:152425	3	152282	Ga0065304_11
MED4Xe_nophagecontrol_C	2606840203	1	239965	Ga0065304_11
MED4Xe_nophagecontrol_C	2606840242	1	275003	Ga0065304_11
MED4Xe_nophagecontrol_C	intergenic-349533:349746	1	349639	Ga0065304_11
MED4Xe_nophagecontrol_C	2606840332	2	350457	Ga0065304_11
MED4Xe_nophagecontrol_C	2606840351	1	365091	Ga0065304_11
MED4Xe_nophagecontrol_C	intergenic-404920:405407	1	405163	Ga0065304_11
MED4Xe_nophagecontrol_C	intergenic-417445:417549	1	417497	Ga0065304_11
MED4Xe_nophagecontrol_C	2606840425	1	418489	Ga0065304_11
MED4Xe_nophagecontrol_C	2606840429	1	421603	Ga0065304_11
MED4Xe_nophagecontrol_C	2606840436	1	426343	Ga0065304_11
MED4Xe_nophagecontrol_C	2606840492	2	456876	Ga0065304_11
MED4Xe_nophagecontrol_C	2606840530	1	495067	Ga0065304_11
MED4Xe_nophagecontrol_C	2606840552	1	522771	Ga0065304_11
MED4Xe_nophagecontrol_C	2606840565	3	534009	Ga0065304_11
MED4Xe_nophagecontrol_C	2606840607	1	568138	Ga0065304_11
MED4Xe_nophagecontrol_C	2606840613	1	572373	Ga0065304_11
MED4Xe_nophagecontrol_C	2606840644	1	593648	Ga0065304_11
MED4Xe_nophagecontrol_C	2606840656	1	604133	Ga0065304_11
MED4Xe_nophagecontrol_C	2606840671	1	619962	Ga0065304_11
MED4Xe_nophagecontrol_C	2606840675	1	624938	Ga0065304_11
MED4Xe_nophagecontrol_C	2606840734	1	687232	Ga0065304_11
MED4Xe_nophagecontrol_C	2606840764	1	714788	Ga0065304_11
MED4Xe_nophagecontrol_C	intergenic-716042:716095	3	716068	Ga0065304_11
MED4Xe_nophagecontrol_C	2606840781	1	731139	Ga0065304_11
MED4Xe_nophagecontrol_C	2606840817	1	763124	Ga0065304_11
MED4Xe_nophagecontrol_C	2606840871	1	796416	Ga0065304_11
MED4Xe_nophagecontrol_C	2606840877	1	800131	Ga0065304_11
MED4Xe_nophagecontrol_C	2606840890	1	810309	Ga0065304_11
MED4Xe_nophagecontrol_C	2606840906	3	816388	Ga0065304_11
MED4Xe_nophagecontrol_C	2606840997	1	887409	Ga0065304_11
MED4Xe_nophagecontrol_C	2606840998	1	890046	Ga0065304_11
MED4Xe_nophagecontrol_C	2606841025	1	921584	Ga0065304_11
MED4Xe_nophagecontrol_C	2606841049	1	944624	Ga0065304_11
MED4Xe_nophagecontrol_C	2606841100	1	984605	Ga0065304_11
MED4Xe_nophagecontrol_C	2606841153	1	1032590	Ga0065304_11
MED4Xe_nophagecontrol_C	2606841232	2	1117050	Ga0065304_11
MED4Xe_nophagecontrol_C	2606841247	1	1138824	Ga0065304_11
MED4Xe_nophagecontrol_C	2606841250	2	1142720	Ga0065304_11
MED4Xe_nophagecontrol_C	2606841290	1	1181917	Ga0065304_11
MED4Xe_nophagecontrol_C	2606841377	1	1257735	Ga0065304_11
MED4Xe_nophagecontrol_C	2606841608	1	1461149	Ga0065304_11
MED4Xe_nophagecontrol_C	2606841611	1	1462496	Ga0065304_11
MED4Xe_nophagecontrol_C	intergenic-1472192:1473195	1	1472693	Ga0065304_11
MED4Xe_nophagecontrol_C	intergenic-1497291:1497362	1	1497326	Ga0065304_11
MED4Xe_nophagecontrol_C	2606841714	1	1535465	Ga0065304_11
MED4Xe_nophagecontrol_C	2606841811	2	1620182	Ga0065304_11
MED4Xe_1stinfection_A	2606839922	1	8396	Ga0065304_11
MED4Xe_1stinfection_A	intergenic-62173:62270	1	62221	Ga0065304_11
MED4Xe_1stinfection_A	2606839977	1	65600	Ga0065304_11
MED4Xe_1stinfection_A	intergenic-132298:132887	1	132592	Ga0065304_11
MED4Xe_1stinfection_A	intergenic-152140:152425	3	152282	Ga0065304_11
MED4Xe_1stinfection_A	2606840203	1	239965	Ga0065304_11
MED4Xe_1stinfection_A	2606840242	1	275003	Ga0065304_11
MED4Xe_1stinfection_A	intergenic-349533:349746	1	349639	Ga0065304_11
MED4Xe_1stinfection_A	2606840332	2	350457	Ga0065304_11
MED4Xe_1stinfection_A	2606840351	1	365091	Ga0065304_11
MED4Xe_1stinfection_A	intergenic-417445:417549	1	417497	Ga0065304_11
MED4Xe_1stinfection_A	2606840425	1	418489	Ga0065304_11
MED4Xe_1stinfection_A	2606840429	1	421603	Ga0065304_11
MED4Xe_1stinfection_A	2606840436	1	426343	Ga0065304_11
MED4Xe_1stinfection_A	2606840492	2	456876	Ga0065304_11
MED4Xe_1stinfection_A	2606840530	1	495067	Ga0065304_11
MED4Xe_1stinfection_A	2606840552	1	522771	Ga0065304_11
MED4Xe_1stinfection_A	2606840565	3	534009	Ga0065304_11
MED4Xe_1stinfection_A	2606840607	1	568138	Ga0065304_11
MED4Xe_1stinfection_A	2606840613	1	572373	Ga0065304_11
MED4Xe_1stinfection_A	2606840644	1	593648	Ga0065304_11
MED4Xe_1stinfection_A	2606840656	1	604133	Ga0065304_11
MED4Xe_1stinfection_A	2606840671	1	619962	Ga0065304_11
MED4Xe_1stinfection_A	2606840675	1	624938	Ga0065304_11
MED4Xe_1stinfection_A	2606840734	1	687232	Ga0065304_11
MED4Xe_1stinfection_A	2606840764	1	714788	Ga0065304_11
MED4Xe_1stinfection_A	intergenic-716042:716095	3	716068	Ga0065304_11
MED4Xe_1stinfection_A	2606840781	1	731139	Ga0065304_11
MED4Xe_1stinfection_A	2606840817	1	763124	Ga0065304_11
MED4Xe_1stinfection_A	2606840871	1	796416	Ga0065304_11
MED4Xe_1stinfection_A	2606840877	1	800131	Ga0065304_11
MED4Xe_1stinfection_A	2606840890	1	810309	Ga0065304_11
MED4Xe_1stinfection_A	2606840997	1	887409	Ga0065304_11
MED4Xe_1stinfection_A	2606840998	1	890046	Ga0065304_11
MED4Xe_1stinfection_A	2606841025	1	921584	Ga0065304_11
MED4Xe_1stinfection_A	2606841049	1	944624	Ga0065304_11
MED4Xe_1stinfection_A	2606841100	1	984605	Ga0065304_11
MED4Xe_1stinfection_A	2606841153	1	1032590	Ga0065304_11
MED4Xe_1stinfection_A	2606841232	2	1117050	Ga0065304_11
MED4Xe_1stinfection_A	2606841247	1	1138824	Ga0065304_11
MED4Xe_1stinfection_A	2606841250	2	1142720	Ga0065304_11
MED4Xe_1stinfection_A	2606841290	1	1181917	Ga0065304_11
MED4Xe_1stinfection_A	2606841377	1	1257735	Ga0065304_11
MED4Xe_1stinfection_A	2606841608	1	1461149	Ga0065304_11
MED4Xe_1stinfection_A	2606841611	1	1462496	Ga0065304_11
MED4Xe_1stinfection_A	intergenic-1472192:1473195	1	1472693	Ga0065304_11
MED4Xe_1stinfection_A	intergenic-1497291:1497362	1	1497326	Ga0065304_11
MED4Xe_1stinfection_A	2606841714	1	1535465	Ga0065304_11
MED4Xe_1stinfection_A	2606841811	2	1620182	Ga0065304_11
MED4Xe_1stinfection_B	2606839922	1	8396	Ga0065304_11
MED4Xe_1stinfection_B	intergenic-62173:62270	1	62221	Ga0065304_11
MED4Xe_1stinfection_B	2606839977	1	65600	Ga0065304_11
MED4Xe_1stinfection_B	intergenic-132298:132887	1	132592	Ga0065304_11
MED4Xe_1stinfection_B	intergenic-152140:152425	2	152282	Ga0065304_11
MED4Xe_1stinfection_B	2606840203	1	239965	Ga0065304_11
MED4Xe_1stinfection_B	2606840242	1	275003	Ga0065304_11
MED4Xe_1stinfection_B	intergenic-349533:349746	1	349639	Ga0065304_11
MED4Xe_1stinfection_B	2606840332	2	350457	Ga0065304_11
MED4Xe_1stinfection_B	2606840351	1	365091	Ga0065304_11
MED4Xe_1stinfection_B	intergenic-404920:405407	1	405163	Ga0065304_11
MED4Xe_1stinfection_B	intergenic-417445:417549	1	417497	Ga0065304_11
MED4Xe_1stinfection_B	2606840425	1	418489	Ga0065304_11
MED4Xe_1stinfection_B	2606840429	1	421603	Ga0065304_11
MED4Xe_1stinfection_B	2606840436	1	426343	Ga0065304_11
MED4Xe_1stinfection_B	2606840492	2	456876	Ga0065304_11
MED4Xe_1stinfection_B	2606840530	1	495067	Ga0065304_11
MED4Xe_1stinfection_B	2606840552	1	522771	Ga0065304_11
MED4Xe_1stinfection_B	2606840607	1	568138	Ga0065304_11
MED4Xe_1stinfection_B	2606840613	1	572373	Ga0065304_11
MED4Xe_1stinfection_B	2606840644	1	593648	Ga0065304_11
MED4Xe_1stinfection_B	2606840656	1	604133	Ga0065304_11
MED4Xe_1stinfection_B	2606840671	1	619962	Ga0065304_11
MED4Xe_1stinfection_B	2606840675	1	624938	Ga0065304_11
MED4Xe_1stinfection_B	2606840734	1	687232	Ga0065304_11
MED4Xe_1stinfection_B	2606840764	1	714788	Ga0065304_11
MED4Xe_1stinfection_B	intergenic-716042:716095	2	716068	Ga0065304_11
MED4Xe_1stinfection_B	2606840781	1	731139	Ga0065304_11
MED4Xe_1stinfection_B	2606840817	1	763124	Ga0065304_11
MED4Xe_1stinfection_B	2606840871	1	796416	Ga0065304_11
MED4Xe_1stinfection_B	2606840877	1	800131	Ga0065304_11
MED4Xe_1stinfection_B	2606840890	1	810309	Ga0065304_11
MED4Xe_1stinfection_B	2606840997	1	887409	Ga0065304_11
MED4Xe_1stinfection_B	2606840998	1	890046	Ga0065304_11
MED4Xe_1stinfection_B	2606841025	1	921584	Ga0065304_11
MED4Xe_1stinfection_B	2606841049	1	944624	Ga0065304_11
MED4Xe_1stinfection_B	2606841100	1	984605	Ga0065304_11
MED4Xe_1stinfection_B	2606841153	1	1032590	Ga0065304_11
MED4Xe_1stinfection_B	2606841232	2	1117050	Ga0065304_11
MED4Xe_1stinfection_B	2606841247	1	1138824	Ga0065304_11
MED4Xe_1stinfection_B	2606841290	1	1181917	Ga0065304_11
MED4Xe_1stinfection_B	2606841377	1	1257735	Ga0065304_11
MED4Xe_1stinfection_B	2606841608	1	1461149	Ga0065304_11
MED4Xe_1stinfection_B	2606841611	1	1462496	Ga0065304_11
MED4Xe_1stinfection_B	intergenic-1472192:1473195	1	1472693	Ga0065304_11
MED4Xe_1stinfection_B	intergenic-1497291:1497362	1	1497326	Ga0065304_11
MED4Xe_1stinfection_B	2606841714	1	1535465	Ga0065304_11
MED4Xe_1stinfection_B	2606841811	2	1620182	Ga0065304_11
MED4Xe_1stinfection_C	2606839922	1	8396	Ga0065304_11
MED4Xe_1stinfection_C	intergenic-62173:62270	1	62221	Ga0065304_11
MED4Xe_1stinfection_C	2606839977	1	65600	Ga0065304_11
MED4Xe_1stinfection_C	intergenic-132298:132887	1	132592	Ga0065304_11
MED4Xe_1stinfection_C	intergenic-152140:152425	3	152282	Ga0065304_11
MED4Xe_1stinfection_C	2606840203	1	239965	Ga0065304_11
MED4Xe_1stinfection_C	2606840242	1	275003	Ga0065304_11
MED4Xe_1stinfection_C	intergenic-349533:349746	1	349639	Ga0065304_11
MED4Xe_1stinfection_C	2606840332	2	350457	Ga0065304_11
MED4Xe_1stinfection_C	2606840351	1	365091	Ga0065304_11
MED4Xe_1stinfection_C	intergenic-404920:405407	1	405163	Ga0065304_11
MED4Xe_1stinfection_C	intergenic-417445:417549	1	417497	Ga0065304_11
MED4Xe_1stinfection_C	2606840425	1	418489	Ga0065304_11
MED4Xe_1stinfection_C	2606840429	1	421603	Ga0065304_11
MED4Xe_1stinfection_C	2606840436	1	426343	Ga0065304_11
MED4Xe_1stinfection_C	2606840492	2	456876	Ga0065304_11
MED4Xe_1stinfection_C	2606840530	1	495067	Ga0065304_11
MED4Xe_1stinfection_C	2606840552	1	522771	Ga0065304_11
MED4Xe_1stinfection_C	2606840607	1	568138	Ga0065304_11
MED4Xe_1stinfection_C	2606840613	1	572373	Ga0065304_11
MED4Xe_1stinfection_C	2606840644	1	593648	Ga0065304_11
MED4Xe_1stinfection_C	2606840656	1	604133	Ga0065304_11
MED4Xe_1stinfection_C	2606840671	1	619962	Ga0065304_11
MED4Xe_1stinfection_C	2606840675	1	624938	Ga0065304_11
MED4Xe_1stinfection_C	2606840734	1	687232	Ga0065304_11
MED4Xe_1stinfection_C	2606840764	1	714788	Ga0065304_11
MED4Xe_1stinfection_C	intergenic-716042:716095	2	716068	Ga0065304_11
MED4Xe_1stinfection_C	2606840781	1	731139	Ga0065304_11
MED4Xe_1stinfection_C	2606840817	1	763124	Ga0065304_11
MED4Xe_1stinfection_C	2606840871	1	796416	Ga0065304_11
MED4Xe_1stinfection_C	2606840877	1	800131	Ga0065304_11
MED4Xe_1stinfection_C	2606840890	1	810309	Ga0065304_11
MED4Xe_1stinfection_C	2606840997	1	887409	Ga0065304_11
MED4Xe_1stinfection_C	2606840998	1	890046	Ga0065304_11
MED4Xe_1stinfection_C	2606841025	1	921584	Ga0065304_11
MED4Xe_1stinfection_C	2606841049	1	944624	Ga0065304_11
MED4Xe_1stinfection_C	2606841100	1	984605	Ga0065304_11
MED4Xe_1stinfection_C	2606841153	1	1032590	Ga0065304_11
MED4Xe_1stinfection_C	2606841232	2	1117050	Ga0065304_11
MED4Xe_1stinfection_C	2606841247	1	1138824	Ga0065304_11
MED4Xe_1stinfection_C	2606841250	2	1142720	Ga0065304_11
MED4Xe_1stinfection_C	2606841290	1	1181917	Ga0065304_11
MED4Xe_1stinfection_C	2606841377	1	1257735	Ga0065304_11
MED4Xe_1stinfection_C	2606841608	1	1461149	Ga0065304_11
MED4Xe_1stinfection_C	2606841611	1	1462496	Ga0065304_11
MED4Xe_1stinfection_C	intergenic-1472192:1473195	1	1472693	Ga0065304_11
MED4Xe_1stinfection_C	intergenic-1497291:1497362	1	1497326	Ga0065304_11
MED4Xe_1stinfection_C	2606841714	1	1535465	Ga0065304_11
MED4Xe_1stinfection_C	2606841811	2	1620182	Ga0065304_11
MED4Xe_2ndinfection_A	2606839922	1	8396	Ga0065304_11
MED4Xe_2ndinfection_A	intergenic-62173:62270	1	62221	Ga0065304_11
MED4Xe_2ndinfection_A	2606839977	1	65600	Ga0065304_11
MED4Xe_2ndinfection_A	intergenic-132298:132887	1	132592	Ga0065304_11
MED4Xe_2ndinfection_A	intergenic-152140:152425	3	152282	Ga0065304_11
MED4Xe_2ndinfection_A	2606840203	1	239965	Ga0065304_11
MED4Xe_2ndinfection_A	2606840242	1	275003	Ga0065304_11
MED4Xe_2ndinfection_A	intergenic-349533:349746	1	349639	Ga0065304_11
MED4Xe_2ndinfection_A	2606840332	2	350457	Ga0065304_11
MED4Xe_2ndinfection_A	2606840351	1	365091	Ga0065304_11
MED4Xe_2ndinfection_A	intergenic-417445:417549	1	417497	Ga0065304_11
MED4Xe_2ndinfection_A	2606840425	1	418489	Ga0065304_11
MED4Xe_2ndinfection_A	2606840429	1	421603	Ga0065304_11
MED4Xe_2ndinfection_A	2606840436	1	426343	Ga0065304_11
MED4Xe_2ndinfection_A	2606840492	2	456876	Ga0065304_11
MED4Xe_2ndinfection_A	2606840530	1	495067	Ga0065304_11
MED4Xe_2ndinfection_A	2606840552	1	522771	Ga0065304_11
MED4Xe_2ndinfection_A	2606840565	3	534009	Ga0065304_11
MED4Xe_2ndinfection_A	2606840607	1	568138	Ga0065304_11
MED4Xe_2ndinfection_A	2606840613	1	572373	Ga0065304_11
MED4Xe_2ndinfection_A	2606840644	1	593648	Ga0065304_11
MED4Xe_2ndinfection_A	2606840656	1	604133	Ga0065304_11
MED4Xe_2ndinfection_A	2606840671	1	619962	Ga0065304_11
MED4Xe_2ndinfection_A	2606840675	1	624938	Ga0065304_11
MED4Xe_2ndinfection_A	2606840734	1	687232	Ga0065304_11
MED4Xe_2ndinfection_A	2606840764	1	714788	Ga0065304_11
MED4Xe_2ndinfection_A	intergenic-716042:716095	2	716068	Ga0065304_11
MED4Xe_2ndinfection_A	2606840781	1	731139	Ga0065304_11
MED4Xe_2ndinfection_A	2606840817	1	763124	Ga0065304_11
MED4Xe_2ndinfection_A	2606840871	1	796416	Ga0065304_11
MED4Xe_2ndinfection_A	2606840877	1	800131	Ga0065304_11
MED4Xe_2ndinfection_A	2606840890	1	810309	Ga0065304_11
MED4Xe_2ndinfection_A	2606840906	1	816388	Ga0065304_11
MED4Xe_2ndinfection_A	2606840997	1	887409	Ga0065304_11
MED4Xe_2ndinfection_A	2606840998	1	890046	Ga0065304_11
MED4Xe_2ndinfection_A	2606841025	1	921584	Ga0065304_11
MED4Xe_2ndinfection_A	2606841049	1	944624	Ga0065304_11
MED4Xe_2ndinfection_A	2606841100	1	984605	Ga0065304_11
MED4Xe_2ndinfection_A	2606841153	1	1032590	Ga0065304_11
MED4Xe_2ndinfection_A	2606841232	2	1117050	Ga0065304_11
MED4Xe_2ndinfection_A	2606841247	1	1138824	Ga0065304_11
MED4Xe_2ndinfection_A	2606841290	1	1181917	Ga0065304_11
MED4Xe_2ndinfection_A	2606841377	1	1257735	Ga0065304_11
MED4Xe_2ndinfection_A	2606841608	1	1461149	Ga0065304_11
MED4Xe_2ndinfection_A	2606841611	1	1462496	Ga0065304_11
MED4Xe_2ndinfection_A	intergenic-1472192:1473195	1	1472693	Ga0065304_11
MED4Xe_2ndinfection_A	intergenic-1497291:1497362	1	1497326	Ga0065304_11
MED4Xe_2ndinfection_A	2606841714	1	1535465	Ga0065304_11
MED4Xe_2ndinfection_A	2606841811	2	1620182	Ga0065304_11
MED4Xe_2ndinfection_B	intergenic-62173:62270	1	62221	Ga0065304_11
MED4Xe_2ndinfection_B	2606839977	1	65600	Ga0065304_11
MED4Xe_2ndinfection_B	intergenic-132298:132887	1	132592	Ga0065304_11
MED4Xe_2ndinfection_B	2606840203	1	239965	Ga0065304_11
MED4Xe_2ndinfection_B	2606840242	1	275003	Ga0065304_11
MED4Xe_2ndinfection_B	intergenic-349533:349746	1	349639	Ga0065304_11
MED4Xe_2ndinfection_B	2606840332	2	350457	Ga0065304_11
MED4Xe_2ndinfection_B	2606840351	1	365091	Ga0065304_11
MED4Xe_2ndinfection_B	2606840425	1	418489	Ga0065304_11
MED4Xe_2ndinfection_B	2606840429	1	421603	Ga0065304_11
MED4Xe_2ndinfection_B	2606840436	1	426343	Ga0065304_11
MED4Xe_2ndinfection_B	2606840492	2	456876	Ga0065304_11
MED4Xe_2ndinfection_B	2606840530	1	495067	Ga0065304_11
MED4Xe_2ndinfection_B	2606840565	4	534009	Ga0065304_11
MED4Xe_2ndinfection_B	2606840607	1	568138	Ga0065304_11
MED4Xe_2ndinfection_B	2606840644	1	593648	Ga0065304_11
MED4Xe_2ndinfection_B	2606840656	1	604133	Ga0065304_11
MED4Xe_2ndinfection_B	2606840671	1	619962	Ga0065304_11
MED4Xe_2ndinfection_B	2606840675	1	624938	Ga0065304_11
MED4Xe_2ndinfection_B	2606840734	1	687232	Ga0065304_11
MED4Xe_2ndinfection_B	2606840764	1	714788	Ga0065304_11
MED4Xe_2ndinfection_B	intergenic-716042:716095	1	716068	Ga0065304_11
MED4Xe_2ndinfection_B	2606840781	1	731139	Ga0065304_11
MED4Xe_2ndinfection_B	2606840817	1	763124	Ga0065304_11
MED4Xe_2ndinfection_B	2606840871	1	796416	Ga0065304_11
MED4Xe_2ndinfection_B	2606840890	1	810309	Ga0065304_11
MED4Xe_2ndinfection_B	2606840906	3	816388	Ga0065304_11
MED4Xe_2ndinfection_B	2606840997	1	887409	Ga0065304_11
MED4Xe_2ndinfection_B	2606840998	1	890046	Ga0065304_11
MED4Xe_2ndinfection_B	2606841025	1	921584	Ga0065304_11
MED4Xe_2ndinfection_B	2606841049	1	944624	Ga0065304_11
MED4Xe_2ndinfection_B	2606841100	1	984605	Ga0065304_11
MED4Xe_2ndinfection_B	2606841153	1	1032590	Ga0065304_11
MED4Xe_2ndinfection_B	2606841232	2	1117050	Ga0065304_11
MED4Xe_2ndinfection_B	2606841247	1	1138824	Ga0065304_11
MED4Xe_2ndinfection_B	2606841250	3	1142720	Ga0065304_11
MED4Xe_2ndinfection_B	2606841290	1	1181917	Ga0065304_11
MED4Xe_2ndinfection_B	2606841611	1	1462496	Ga0065304_11
MED4Xe_2ndinfection_B	intergenic-1472192:1473195	1	1472693	Ga0065304_11
MED4Xe_2ndinfection_B	2606841714	1	1535465	Ga0065304_11
MED4Xe_2ndinfection_B	2606841811	2	1620182	Ga0065304_11
MED4Xe_2ndinfection_C	2606839922	1	8396	Ga0065304_11
MED4Xe_2ndinfection_C	intergenic-62173:62270	1	62221	Ga0065304_11
MED4Xe_2ndinfection_C	2606839977	1	65600	Ga0065304_11
MED4Xe_2ndinfection_C	intergenic-132298:132887	1	132592	Ga0065304_11
MED4Xe_2ndinfection_C	intergenic-152140:152425	3	152282	Ga0065304_11
MED4Xe_2ndinfection_C	2606840203	1	239965	Ga0065304_11
MED4Xe_2ndinfection_C	2606840242	1	275003	Ga0065304_11
MED4Xe_2ndinfection_C	intergenic-349533:349746	1	349639	Ga0065304_11
MED4Xe_2ndinfection_C	2606840332	2	350457	Ga0065304_11
MED4Xe_2ndinfection_C	2606840351	1	365091	Ga0065304_11
MED4Xe_2ndinfection_C	intergenic-404920:405407	1	405163	Ga0065304_11
MED4Xe_2ndinfection_C	intergenic-417445:417549	1	417497	Ga0065304_11
MED4Xe_2ndinfection_C	2606840425	1	418489	Ga0065304_11
MED4Xe_2ndinfection_C	2606840429	1	421603	Ga0065304_11
MED4Xe_2ndinfection_C	2606840436	1	426343	Ga0065304_11
MED4Xe_2ndinfection_C	2606840492	2	456876	Ga0065304_11
MED4Xe_2ndinfection_C	2606840530	1	495067	Ga0065304_11
MED4Xe_2ndinfection_C	2606840552	1	522771	Ga0065304_11
MED4Xe_2ndinfection_C	2606840607	1	568138	Ga0065304_11
MED4Xe_2ndinfection_C	2606840613	1	572373	Ga0065304_11
MED4Xe_2ndinfection_C	2606840644	1	593648	Ga0065304_11
MED4Xe_2ndinfection_C	2606840656	1	604133	Ga0065304_11
MED4Xe_2ndinfection_C	2606840671	1	619962	Ga0065304_11
MED4Xe_2ndinfection_C	2606840675	1	624938	Ga0065304_11
MED4Xe_2ndinfection_C	2606840734	1	687232	Ga0065304_11
MED4Xe_2ndinfection_C	2606840764	1	714788	Ga0065304_11
MED4Xe_2ndinfection_C	intergenic-716042:716095	2	716068	Ga0065304_11
MED4Xe_2ndinfection_C	2606840781	1	731139	Ga0065304_11
MED4Xe_2ndinfection_C	2606840817	1	763124	Ga0065304_11
MED4Xe_2ndinfection_C	2606840871	1	796416	Ga0065304_11
MED4Xe_2ndinfection_C	2606840877	1	800131	Ga0065304_11
MED4Xe_2ndinfection_C	2606840890	1	810309	Ga0065304_11
MED4Xe_2ndinfection_C	2606840906	1	816388	Ga0065304_11
MED4Xe_2ndinfection_C	2606840997	1	887409	Ga0065304_11
MED4Xe_2ndinfection_C	2606840998	1	890046	Ga0065304_11
MED4Xe_2ndinfection_C	2606841025	1	921584	Ga0065304_11
MED4Xe_2ndinfection_C	2606841049	1	944624	Ga0065304_11
MED4Xe_2ndinfection_C	2606841100	1	984605	Ga0065304_11
MED4Xe_2ndinfection_C	2606841153	1	1032590	Ga0065304_11
MED4Xe_2ndinfection_C	2606841232	2	1117050	Ga0065304_11
MED4Xe_2ndinfection_C	2606841247	1	1138824	Ga0065304_11
MED4Xe_2ndinfection_C	2606841250	3	1142720	Ga0065304_11
MED4Xe_2ndinfection_C	2606841290	1	1181917	Ga0065304_11
MED4Xe_2ndinfection_C	2606841377	1	1257735	Ga0065304_11
MED4Xe_2ndinfection_C	2606841608	1	1461149	Ga0065304_11
MED4Xe_2ndinfection_C	2606841611	1	1462496	Ga0065304_11
MED4Xe_2ndinfection_C	intergenic-1472192:1473195	1	1472693	Ga0065304_11
MED4Xe_2ndinfection_C	intergenic-1497291:1497362	1	1497326	Ga0065304_11
MED4Xe_2ndinfection_C	2606841714	1	1535465	Ga0065304_11
MED4Xe_2ndinfection_C	2606841811	2	1620182	Ga0065304_11
MITS9451Xe_nophagecontrol_A	cds-SIB72_RS01330	1	219813	NZ_CP138971.1
MITS9451Xe_nophagecontrol_A	cds-WP_170953933.1	1	516176	NZ_CP138971.1
MITS9451Xe_nophagecontrol_A	cds-WP_413744569.1	1	577935	NZ_CP138971.1
MITS9451Xe_nophagecontrol_A	cds-WP_007099572.1	1	938949	NZ_CP138971.1
MITS9451Xe_nophagecontrol_A	cds-WP_413744815.1	1	977353	NZ_CP138971.1
MITS9451Xe_nophagecontrol_A	intergenic-994369:994507	1	994438	NZ_CP138971.1
MITS9451Xe_nophagecontrol_A	cds-WP_413744851.1	1	1020619	NZ_CP138971.1
MITS9451Xe_nophagecontrol_A	cds-WP_413744861.1	1	1033231	NZ_CP138971.1
MITS9451Xe_nophagecontrol_A	cds-WP_413745056.1	1	1157942	NZ_CP138971.1
MITS9451Xe_nophagecontrol_A	cds-WP_413743526.1	1	1503922	NZ_CP138971.1
MITS9451Xe_nophagecontrol_A	cds-WP_413745085.1	1	1760097	NZ_CP138971.1
MITS9451Xe_nophagecontrol_A	cds-WP_413743705.1	14	1794674	NZ_CP138971.1
MITS9451Xe_nophagecontrol_A	intergenic-1812121:1813079	1	1812600	NZ_CP138971.1
MITS9451Xe_nophagecontrol_A	cds-SIB72_RS09995	3	1917164	NZ_CP138971.1
MITS9451Xe_nophagecontrol_A	intergenic-2390488:2390903	1	2390695	NZ_CP138971.1
MITS9451Xe_nophagecontrol_A	cds-WP_413744069.1	2	2390986	NZ_CP138971.1
MITS9451Xe_nophagecontrol_A	cds-WP_413744113.1	1	2478531	NZ_CP138971.1
MITS9451Xe_nophagecontrol_B	cds-SIB72_RS01330	1	219813	NZ_CP138971.1
MITS9451Xe_nophagecontrol_B	cds-WP_170953933.1	1	516176	NZ_CP138971.1
MITS9451Xe_nophagecontrol_B	cds-WP_413744569.1	1	577935	NZ_CP138971.1
MITS9451Xe_nophagecontrol_B	cds-WP_007099572.1	1	938949	NZ_CP138971.1
MITS9451Xe_nophagecontrol_B	cds-WP_413744815.1	1	977353	NZ_CP138971.1
MITS9451Xe_nophagecontrol_B	intergenic-994369:994507	1	994438	NZ_CP138971.1
MITS9451Xe_nophagecontrol_B	cds-WP_413744851.1	1	1020619	NZ_CP138971.1
MITS9451Xe_nophagecontrol_B	cds-WP_413744861.1	1	1033231	NZ_CP138971.1
MITS9451Xe_nophagecontrol_B	intergenic-1149631:1149922	1	1149776	NZ_CP138971.1
MITS9451Xe_nophagecontrol_B	cds-WP_413745056.1	1	1157942	NZ_CP138971.1
MITS9451Xe_nophagecontrol_B	cds-WP_413743526.1	1	1503922	NZ_CP138971.1
MITS9451Xe_nophagecontrol_B	cds-WP_413745085.1	1	1760097	NZ_CP138971.1
MITS9451Xe_nophagecontrol_B	cds-WP_413743705.1	6	1794674	NZ_CP138971.1
MITS9451Xe_nophagecontrol_B	cds-SIB72_RS09995	3	1917164	NZ_CP138971.1
MITS9451Xe_nophagecontrol_B	cds-SIB72_RS11265	1	2164098	NZ_CP138971.1
MITS9451Xe_nophagecontrol_B	intergenic-2390488:2390903	1	2390695	NZ_CP138971.1
MITS9451Xe_nophagecontrol_B	cds-WP_413744113.1	1	2478531	NZ_CP138971.1
MITS9451Xe_nophagecontrol_C	cds-SIB72_RS01330	1	219813	NZ_CP138971.1
MITS9451Xe_nophagecontrol_C	cds-WP_170953933.1	1	516176	NZ_CP138971.1
MITS9451Xe_nophagecontrol_C	cds-WP_413744569.1	1	577935	NZ_CP138971.1
MITS9451Xe_nophagecontrol_C	cds-WP_007099572.1	1	938949	NZ_CP138971.1
MITS9451Xe_nophagecontrol_C	cds-WP_413744815.1	1	977353	NZ_CP138971.1
MITS9451Xe_nophagecontrol_C	intergenic-994369:994507	1	994438	NZ_CP138971.1
MITS9451Xe_nophagecontrol_C	cds-WP_413744851.1	1	1020619	NZ_CP138971.1
MITS9451Xe_nophagecontrol_C	cds-WP_413744861.1	1	1033231	NZ_CP138971.1
MITS9451Xe_nophagecontrol_C	cds-WP_413745056.1	1	1157942	NZ_CP138971.1
MITS9451Xe_nophagecontrol_C	cds-WP_413743526.1	1	1503922	NZ_CP138971.1
MITS9451Xe_nophagecontrol_C	cds-WP_413745085.1	1	1760097	NZ_CP138971.1
MITS9451Xe_nophagecontrol_C	cds-WP_413743705.1	12	1794674	NZ_CP138971.1
MITS9451Xe_nophagecontrol_C	cds-SIB72_RS09995	3	1917164	NZ_CP138971.1
MITS9451Xe_nophagecontrol_C	cds-SIB72_RS11265	1	2164098	NZ_CP138971.1
MITS9451Xe_nophagecontrol_C	intergenic-2390488:2390903	1	2390695	NZ_CP138971.1
MITS9451Xe_nophagecontrol_C	cds-WP_413744069.1	2	2390986	NZ_CP138971.1
MITS9451Xe_nophagecontrol_C	cds-WP_413744070.1	1	2391171	NZ_CP138971.1
MITS9451Xe_nophagecontrol_C	cds-WP_413744113.1	1	2478531	NZ_CP138971.1
MITS9451Xe_1stinfection_A	cds-SIB72_RS01330	1	219813	NZ_CP138971.1
MITS9451Xe_1stinfection_A	cds-WP_170953933.1	1	516176	NZ_CP138971.1
MITS9451Xe_1stinfection_A	intergenic-574130:574687	1	574408	NZ_CP138971.1
MITS9451Xe_1stinfection_A	cds-WP_413744569.1	1	577935	NZ_CP138971.1
MITS9451Xe_1stinfection_A	cds-WP_413744784.1	1	932180	NZ_CP138971.1
MITS9451Xe_1stinfection_A	cds-WP_007099572.1	1	938949	NZ_CP138971.1
MITS9451Xe_1stinfection_A	cds-WP_413744815.1	1	977353	NZ_CP138971.1
MITS9451Xe_1stinfection_A	intergenic-994369:994507	1	994438	NZ_CP138971.1
MITS9451Xe_1stinfection_A	cds-WP_413744851.1	1	1020619	NZ_CP138971.1
MITS9451Xe_1stinfection_A	cds-WP_413744861.1	1	1033231	NZ_CP138971.1
MITS9451Xe_1stinfection_A	cds-WP_413745056.1	1	1157942	NZ_CP138971.1
MITS9451Xe_1stinfection_A	cds-WP_413743526.1	1	1503922	NZ_CP138971.1
MITS9451Xe_1stinfection_A	cds-WP_413745085.1	1	1760097	NZ_CP138971.1
MITS9451Xe_1stinfection_A	cds-WP_413743705.1	3	1794674	NZ_CP138971.1
MITS9451Xe_1stinfection_A	intergenic-1812121:1813079	1	1812600	NZ_CP138971.1
MITS9451Xe_1stinfection_A	cds-SIB72_RS09995	3	1917164	NZ_CP138971.1
MITS9451Xe_1stinfection_A	cds-SIB72_RS11265	1	2164098	NZ_CP138971.1
MITS9451Xe_1stinfection_A	cds-WP_413744069.1	1	2390986	NZ_CP138971.1
MITS9451Xe_1stinfection_A	cds-WP_413744113.1	1	2478531	NZ_CP138971.1
MITS9451Xe_1stinfection_B	cds-SIB72_RS01330	1	219813	NZ_CP138971.1
MITS9451Xe_1stinfection_B	cds-WP_170953933.1	1	516176	NZ_CP138971.1
MITS9451Xe_1stinfection_B	cds-WP_413744569.1	1	577935	NZ_CP138971.1
MITS9451Xe_1stinfection_B	cds-WP_007099572.1	1	938949	NZ_CP138971.1
MITS9451Xe_1stinfection_B	cds-WP_413744815.1	1	977353	NZ_CP138971.1
MITS9451Xe_1stinfection_B	intergenic-994369:994507	1	994438	NZ_CP138971.1
MITS9451Xe_1stinfection_B	cds-WP_413744851.1	1	1020619	NZ_CP138971.1
MITS9451Xe_1stinfection_B	cds-WP_413744861.1	1	1033231	NZ_CP138971.1
MITS9451Xe_1stinfection_B	intergenic-1149631:1149922	1	1149776	NZ_CP138971.1
MITS9451Xe_1stinfection_B	cds-WP_413745056.1	1	1157942	NZ_CP138971.1
MITS9451Xe_1stinfection_B	cds-WP_413743526.1	1	1503922	NZ_CP138971.1
MITS9451Xe_1stinfection_B	cds-WP_413745085.1	1	1760097	NZ_CP138971.1
MITS9451Xe_1stinfection_B	cds-WP_413743705.1	3	1794674	NZ_CP138971.1
MITS9451Xe_1stinfection_B	cds-SIB72_RS09995	3	1917164	NZ_CP138971.1
MITS9451Xe_1stinfection_B	cds-SIB72_RS11265	1	2164098	NZ_CP138971.1
MITS9451Xe_1stinfection_B	intergenic-2390488:2390903	1	2390695	NZ_CP138971.1
MITS9451Xe_1stinfection_B	cds-WP_413744069.1	2	2390986	NZ_CP138971.1
MITS9451Xe_1stinfection_B	cds-WP_413744113.1	1	2478531	NZ_CP138971.1
MITS9451Xe_1stinfection_C	cds-WP_413744223.1	1	20474	NZ_CP138971.1
MITS9451Xe_1stinfection_C	cds-SIB72_RS01330	1	219813	NZ_CP138971.1
MITS9451Xe_1stinfection_C	cds-WP_170953933.1	1	516176	NZ_CP138971.1
MITS9451Xe_1stinfection_C	cds-WP_413744569.1	1	577935	NZ_CP138971.1
MITS9451Xe_1stinfection_C	cds-WP_007099572.1	1	938949	NZ_CP138971.1
MITS9451Xe_1stinfection_C	cds-WP_413744815.1	2	977353	NZ_CP138971.1
MITS9451Xe_1stinfection_C	intergenic-994369:994507	1	994438	NZ_CP138971.1
MITS9451Xe_1stinfection_C	cds-WP_413744851.1	1	1020619	NZ_CP138971.1
MITS9451Xe_1stinfection_C	cds-WP_413744861.1	1	1033231	NZ_CP138971.1
MITS9451Xe_1stinfection_C	intergenic-1149631:1149922	1	1149776	NZ_CP138971.1
MITS9451Xe_1stinfection_C	cds-WP_413745056.1	1	1157942	NZ_CP138971.1
MITS9451Xe_1stinfection_C	cds-WP_413743526.1	1	1503922	NZ_CP138971.1
MITS9451Xe_1stinfection_C	cds-WP_413745085.1	1	1760097	NZ_CP138971.1
MITS9451Xe_1stinfection_C	cds-WP_413743705.1	5	1794674	NZ_CP138971.1
MITS9451Xe_1stinfection_C	intergenic-1812121:1813079	1	1812600	NZ_CP138971.1
MITS9451Xe_1stinfection_C	cds-SIB72_RS09995	3	1917164	NZ_CP138971.1
MITS9451Xe_1stinfection_C	cds-SIB72_RS11265	1	2164098	NZ_CP138971.1
MITS9451Xe_1stinfection_C	intergenic-2390488:2390903	1	2390695	NZ_CP138971.1
MITS9451Xe_1stinfection_C	cds-WP_413744069.1	2	2390986	NZ_CP138971.1
MITS9451Xe_1stinfection_C	cds-WP_413744113.1	1	2478531	NZ_CP138971.1
MITS9451Xe_2ndinfection_A	cds-SIB72_RS01330	1	219813	NZ_CP138971.1
MITS9451Xe_2ndinfection_A	cds-WP_170953933.1	1	516176	NZ_CP138971.1
MITS9451Xe_2ndinfection_A	cds-WP_413744569.1	1	577935	NZ_CP138971.1
MITS9451Xe_2ndinfection_A	cds-WP_007099572.1	1	938949	NZ_CP138971.1
MITS9451Xe_2ndinfection_A	cds-WP_413744815.1	1	977353	NZ_CP138971.1
MITS9451Xe_2ndinfection_A	intergenic-994369:994507	1	994438	NZ_CP138971.1
MITS9451Xe_2ndinfection_A	cds-WP_413744851.1	1	1020619	NZ_CP138971.1
MITS9451Xe_2ndinfection_A	cds-WP_413744861.1	1	1033231	NZ_CP138971.1
MITS9451Xe_2ndinfection_A	cds-WP_413745056.1	1	1157942	NZ_CP138971.1
MITS9451Xe_2ndinfection_A	cds-WP_413743526.1	1	1503922	NZ_CP138971.1
MITS9451Xe_2ndinfection_A	cds-WP_413745085.1	1	1760097	NZ_CP138971.1
MITS9451Xe_2ndinfection_A	cds-WP_413743705.1	11	1794674	NZ_CP138971.1
MITS9451Xe_2ndinfection_A	cds-SIB72_RS09995	3	1917164	NZ_CP138971.1
MITS9451Xe_2ndinfection_A	cds-SIB72_RS11265	1	2164098	NZ_CP138971.1
MITS9451Xe_2ndinfection_A	intergenic-2390488:2390903	1	2390695	NZ_CP138971.1
MITS9451Xe_2ndinfection_A	cds-WP_413744069.1	2	2390986	NZ_CP138971.1
MITS9451Xe_2ndinfection_A	cds-WP_413744113.1	1	2478531	NZ_CP138971.1
MITS9451Xe_2ndinfection_B	cds-WP_413744223.1	1	20474	NZ_CP138971.1
MITS9451Xe_2ndinfection_B	cds-SIB72_RS01330	1	219813	NZ_CP138971.1
MITS9451Xe_2ndinfection_B	cds-WP_170953933.1	1	516176	NZ_CP138971.1
MITS9451Xe_2ndinfection_B	cds-WP_413744569.1	1	577935	NZ_CP138971.1
MITS9451Xe_2ndinfection_B	cds-WP_007099572.1	1	938949	NZ_CP138971.1
MITS9451Xe_2ndinfection_B	cds-WP_413744815.1	1	977353	NZ_CP138971.1
MITS9451Xe_2ndinfection_B	intergenic-994369:994507	1	994438	NZ_CP138971.1
MITS9451Xe_2ndinfection_B	cds-WP_413744851.1	1	1020619	NZ_CP138971.1
MITS9451Xe_2ndinfection_B	cds-WP_413744861.1	1	1033231	NZ_CP138971.1
MITS9451Xe_2ndinfection_B	cds-WP_413745056.1	1	1157942	NZ_CP138971.1
MITS9451Xe_2ndinfection_B	cds-WP_413743526.1	1	1503922	NZ_CP138971.1
MITS9451Xe_2ndinfection_B	cds-WP_413745085.1	1	1760097	NZ_CP138971.1
MITS9451Xe_2ndinfection_B	cds-WP_413743705.1	2	1794674	NZ_CP138971.1
MITS9451Xe_2ndinfection_B	cds-SIB72_RS09995	3	1917164	NZ_CP138971.1
MITS9451Xe_2ndinfection_B	cds-WP_413744113.1	1	2478531	NZ_CP138971.1
MITS9451Xe_2ndinfection_C	cds-WP_413744223.1	1	20474	NZ_CP138971.1
MITS9451Xe_2ndinfection_C	cds-SIB72_RS01330	1	219813	NZ_CP138971.1
MITS9451Xe_2ndinfection_C	cds-WP_170953933.1	1	516176	NZ_CP138971.1
MITS9451Xe_2ndinfection_C	cds-WP_413744569.1	1	577935	NZ_CP138971.1
MITS9451Xe_2ndinfection_C	cds-WP_007099572.1	1	938949	NZ_CP138971.1
MITS9451Xe_2ndinfection_C	cds-WP_413744815.1	1	977353	NZ_CP138971.1
MITS9451Xe_2ndinfection_C	intergenic-994369:994507	1	994438	NZ_CP138971.1
MITS9451Xe_2ndinfection_C	cds-WP_413744851.1	1	1020619	NZ_CP138971.1
MITS9451Xe_2ndinfection_C	cds-WP_413744861.1	1	1033231	NZ_CP138971.1
MITS9451Xe_2ndinfection_C	cds-WP_413745056.1	1	1157942	NZ_CP138971.1
MITS9451Xe_2ndinfection_C	cds-WP_413743526.1	1	1503922	NZ_CP138971.1
MITS9451Xe_2ndinfection_C	cds-WP_413745085.1	1	1760097	NZ_CP138971.1
MITS9451Xe_2ndinfection_C	cds-WP_413743705.1	8	1794674	NZ_CP138971.1
MITS9451Xe_2ndinfection_C	intergenic-1812121:1813079	1	1812600	NZ_CP138971.1
MITS9451Xe_2ndinfection_C	cds-SIB72_RS09995	3	1917164	NZ_CP138971.1
MITS9451Xe_2ndinfection_C	cds-SIB72_RS11265	1	2164098	NZ_CP138971.1
MITS9451Xe_2ndinfection_C	intergenic-2390488:2390903	1	2390695	NZ_CP138971.1
MITS9451Xe_2ndinfection_C	cds-WP_413744069.1	1	2390986	NZ_CP138971.1
MITS9451Xe_2ndinfection_C	cds-WP_413744113.1	1	2478531	NZ_CP138971.1
